scenario,seed,stop,fp,hours,ordinary,special,audit_violations,penances,max_penance_hours,defies,forced,empty_recovery,debt_events
careful_retain,2026101001,DRAW_HORIZON,3090,77.873333,370,25,4,18,0.5,1,16,0,3
careful_retain,2026101002,DRAW_HORIZON,1375,80.772857,371,27,8,25,0.5,3,12,0,5
careful_retain,2026101003,DRAW_HORIZON,1397,77.673333,371,26,8,21,0.5,2,16,0,5
careful_retain,2026101004,DRAW_HORIZON,2031,78.98619,360,38,9,25,0.5,1,24,0,3
careful_retain,2026101005,DRAW_HORIZON,626,82.649524,365,30,12,34,1.0,3,13,0,6
careful_retain,2026101006,DRAW_HORIZON,4335,76.645714,370,28,13,21,0.5,1,22,0,7
careful_retain,2026101007,DRAW_HORIZON,2491,83.915714,374,23,16,31,0.5,3,11,0,7
careful_retain,2026101008,DRAW_HORIZON,2484,73.88,371,24,5,20,0.5,4,14,0,4
careful_retain,2026101009,DRAW_HORIZON,2111,75.947619,360,33,5,27,0.5,2,18,0,5
careful_retain,2026101010,DRAW_HORIZON,3002,71.085238,379,19,4,12,0.5,3,13,0,2
careful_retain,2026101011,DRAW_HORIZON,3636,74.098095,373,23,5,18,0.5,2,14,0,2
careful_retain,2026101012,DRAW_HORIZON,1219,74.65381,374,22,14,27,1.0,4,13,0,8
careful_retain,2026101013,DRAW_HORIZON,672,77.64,364,32,9,30,1.0,3,15,0,6
careful_retain,2026101014,DRAW_HORIZON,1978,78.016667,367,29,9,20,0.5,1,22,0,6
careful_retain,2026101015,DRAW_HORIZON,2301,81.951429,369,25,5,23,0.5,3,13,0,7
careful_retain,2026101016,DRAW_HORIZON,1546,72.530952,367,26,7,22,1.0,2,18,0,6
careful_retain,2026101017,DRAW_HORIZON,525,81.220952,363,32,10,31,1.0,3,16,0,6
careful_retain,2026101018,DRAW_HORIZON,2458,75.991429,366,29,6,22,0.5,2,18,0,5
careful_retain,2026101019,DRAW_HORIZON,3411,74.992381,371,27,7,17,0.5,1,19,0,4
careful_retain,2026101020,DRAW_HORIZON,5146,85.775082,368,31,6,22,1.0,1,16,1,1
careful_withhold,2026101001,DRAW_HORIZON,4115,77.388571,371,26,6,19,0.5,1,16,0,3
careful_withhold,2026101002,DRAW_HORIZON,4452,77.406667,387,13,12,14,0.5,2,11,0,1
careful_withhold,2026101003,DRAW_HORIZON,1068,74.200952,371,27,6,18,0.5,3,17,0,3
careful_withhold,2026101004,DRAW_HORIZON,822,72.684762,361,37,8,24,0.5,1,23,0,5
careful_withhold,2026101005,DRAW_HORIZON,2133,77.740476,372,22,7,23,0.5,3,12,0,9
careful_withhold,2026101006,DRAW_HORIZON,3256,74.639524,376,21,9,20,0.5,2,13,0,6
careful_withhold,2026101007,DRAW_HORIZON,3014,76.052857,373,25,10,24,0.5,2,13,0,3
careful_withhold,2026101008,DRAW_HORIZON,103,69.908095,375,19,5,18,0.5,3,12,0,3
careful_withhold,2026101009,DRAW_HORIZON,1059,77.756667,366,28,6,25,0.5,2,15,0,6
careful_withhold,2026101010,DRAW_HORIZON,4304,69.944762,381,17,3,10,0.5,2,12,0,3
careful_withhold,2026101011,DRAW_HORIZON,3669,73.279048,371,26,5,17,0.5,1,17,0,2
careful_withhold,2026101012,DRAW_HORIZON,1089,78.722857,370,26,13,28,1.0,3,15,0,6
careful_withhold,2026101013,DRAW_HORIZON,1268,78.721905,363,32,12,34,1.0,4,15,0,6
careful_withhold,2026101014,DRAW_HORIZON,2302,78.968095,371,26,8,22,0.5,1,15,0,5
careful_withhold,2026101015,DRAW_HORIZON,771,84.175714,363,32,9,28,1.0,2,18,0,4
careful_withhold,2026101016,DRAW_HORIZON,1369,72.375714,368,27,8,23,1.0,1,17,0,8
careful_withhold,2026101017,DRAW_HORIZON,928,81.760952,366,29,9,29,1.0,4,14,0,6
careful_withhold,2026101018,DRAW_HORIZON,3200,75.617143,364,29,3,20,0.5,2,19,0,7
careful_withhold,2026101019,DRAW_HORIZON,1535,80.095714,368,28,10,21,0.5,1,21,0,7
careful_withhold,2026101020,DRAW_HORIZON,1918,84.38274,361,36,9,26,0.5,2,22,7,1
risk_retain,2026101001,DRAW_HORIZON,45,134.667143,344,31,74,117,1.0,2,13,0,67
risk_retain,2026101002,DRAW_HORIZON,11,149.036667,352,31,99,129,1.0,2,18,0,69
risk_retain,2026101003,DRAW_HORIZON,40,151.612381,338,38,89,132,2.0,3,19,0,83
risk_retain,2026101004,DRAW_HORIZON,181,137.138095,352,26,74,107,1.0,2,15,0,59
risk_retain,2026101005,DRAW_HORIZON,272,132.762857,344,30,70,107,2.0,2,19,0,61
risk_retain,2026101006,DRAW_HORIZON,235,137.98619,334,35,74,121,2.0,2,19,0,66
risk_retain,2026101007,DRAW_HORIZON,294,146.559048,338,37,97,140,1.0,1,19,0,88
risk_retain,2026101008,DRAW_HORIZON,197,130.10381,336,41,60,102,1.0,2,22,0,54
risk_retain,2026101009,DRAW_HORIZON,24,141.634762,347,32,83,121,2.0,3,15,0,67
risk_retain,2026101010,DRAW_HORIZON,224,146.367619,332,38,85,137,4.0,2,16,0,73
risk_retain,2026101011,DRAW_HORIZON,343,142.572857,336,42,76,118,2.0,2,22,0,65
risk_retain,2026101012,DRAW_HORIZON,-165,133.904286,348,29,67,102,4.0,3,17,0,55
risk_retain,2026101013,DRAW_HORIZON,898,126.25619,342,41,65,102,2.0,2,21,0,41
risk_retain,2026101014,DRAW_HORIZON,0,130.197143,342,41,70,112,1.0,3,16,0,43
risk_retain,2026101015,DRAW_HORIZON,817,144.969048,354,33,92,125,2.0,2,13,0,63
risk_retain,2026101016,DRAW_HORIZON,102,133.985714,336,33,74,122,1.0,2,16,0,75
risk_retain,2026101017,DRAW_HORIZON,701,136.671905,341,33,62,104,1.0,1,17,0,58
risk_retain,2026101018,DRAW_HORIZON,724,138.154762,354,33,85,116,1.0,3,15,0,45
risk_retain,2026101019,DRAW_HORIZON,181,143.555238,341,34,81,124,2.0,2,16,0,69
risk_retain,2026101020,DRAW_HORIZON,32,144.642857,354,29,87,120,4.0,2,13,0,61
risk_withhold,2026101001,DRAW_HORIZON,132,121.659524,346,30,61,100,1.0,2,15,0,65
risk_withhold,2026101002,DRAW_HORIZON,282,142.19381,346,40,96,128,2.0,2,22,0,87
risk_withhold,2026101003,DRAW_HORIZON,69,139.979048,346,34,84,125,2.0,3,13,0,75
risk_withhold,2026101004,DRAW_HORIZON,135,132.282857,348,32,76,116,1.0,2,12,0,75
risk_withhold,2026101005,DRAW_HORIZON,192,141.543333,338,39,72,122,2.0,3,12,0,67
risk_withhold,2026101006,DRAW_HORIZON,-98,128.998095,339,39,65,105,2.0,2,21,0,58
risk_withhold,2026101007,DRAW_HORIZON,-285,142.405714,344,35,95,132,1.0,1,19,0,97
risk_withhold,2026101008,DRAW_HORIZON,-113,121.39381,340,35,53,96,1.0,2,17,0,58
risk_withhold,2026101009,DRAW_HORIZON,-240,138.047619,339,33,79,125,2.0,3,15,0,94
risk_withhold,2026101010,DRAW_HORIZON,97,133.718095,336,36,77,119,2.0,2,22,0,88
risk_withhold,2026101011,DRAW_HORIZON,215,128.594762,324,46,61,114,2.0,2,23,0,78
risk_withhold,2026101012,DRAW_HORIZON,195,129.972381,338,33,69,114,2.0,2,17,0,82
risk_withhold,2026101013,DRAW_HORIZON,69,126.873333,348,35,70,105,2.0,2,17,0,59
risk_withhold,2026101014,DRAW_HORIZON,-303,132.731905,341,37,85,127,1.0,2,17,0,84
risk_withhold,2026101015,DRAW_HORIZON,-26,135.552381,346,36,79,117,2.0,2,16,0,81
risk_withhold,2026101016,DRAW_HORIZON,175,126.671429,331,44,71,117,1.0,2,23,0,74
risk_withhold,2026101017,DRAW_HORIZON,165,128.09381,349,29,61,97,1.0,2,15,0,59
risk_withhold,2026101018,DRAW_HORIZON,2,135.890476,350,36,71,103,2.0,2,18,0,64
risk_withhold,2026101019,DRAW_HORIZON,-10,135.855714,338,34,70,117,4.0,2,15,0,80
risk_withhold,2026101020,DRAW_HORIZON,-217,153.062381,342,37,86,128,4.0,2,16,0,82
